Brand,Model,Variant / Trim,Make Year,Make Month,Registration Year,Car Age (years),Fuel Type,BS Norm,Transmission Type,Transmission Subtype,Kilometres Driven,Number of Previous Owners,Insurance Validity,Insurance Type,RTO,Car Location,Overall Quality Score,Engine Score,Systems Score,Interior Score,Exterior Score,Wear Score,Parts Evaluated,Meter Tampered,Flooded,Core Structure Intact,Next Service Due,Price (INR)
Tata,Nexon,XZ Plus (S),2021,Jan,2021,4,Petrol,,Manual,Regular,99000,1st Owner,Jan 2027,Comprehensive,TS07,"Uppal, Hyderabad",8.86,9.5,9.3,8.0,8.8,8.7,1573,No,No,Yes,"12 months or 15,000 km",584800
Tata,Nexon,XZA Plus (S) Diesel,2021,Oct,2021,5,Diesel,BSVI,Automatic,AMT,63000,3rd Owner,Apr 2027,Third Party,TS09,"Uppal, Hyderabad",8.86,9.7,9.5,8.8,7.7,8.6,1432,No,No,Yes,"12 months or 15,000 km",598400
Hyundai,Venue,SX Plus 1.0 Turbo DCT,2019,Sep,2019,6,Petrol,BSIV,Automatic,DCT,66000,1st Owner,Sep 2026,Comprehensive,TS12,"Uppal, Hyderabad",8.64,9.8,9.5,7.8,8.1,8.0,1452,No,No,Yes,No immediate servicing required,618400
Tata,Punch,Creative AMT,2024,May,2024,2,Petrol,,Automatic,AMT,8000,1st Owner,Apr 2027,Third Party,TS09,"Uppal, Hyderabad",9.6,10.0,9.8,9.5,9.6,9.1,1452,No,No,Yes,"12 months or 15,000 km",654400
Tata,Safari,XT Plus,2022,Jan,2022,3,Diesel,BSVI,Manual,Regular,64000,2nd Owner,Mar 2027,Comprehensive,TS09,"Kukatpally, Hyderabad",9.06,9.7,9.6,9.0,8.6,8.4,1576,No,No,Yes,"12 months or 15,000 km",1091200
MG Motors,Hector,Sharp 2.0 Diesel,2020,Jun,2020,5,Diesel,BSVI,Manual,Regular,36000,1st Owner,Aug 2026,Comprehensive,TS09,"Kukatpally, Hyderabad",9.26,9.9,9.5,9.3,9.2,8.4,1576,No,No,Yes,"12 months or 10,000 km",1044000
Hyundai,Venue,SX 1.5 CRDi,2022,Apr,2022,3,Diesel,BSVI,Manual,Regular,81000,1st Owner,Apr 2027,Third Party,TS07,"Uppal, Hyderabad",8.9,9.4,9.2,8.6,8.8,8.5,1576,No,No,Yes,"12 months or 10,000 km",727200
MG Motors,Hector,Sharp 1.5 DCT Petrol,2020,Sep,2020,5,Petrol,BSIV,Automatic,DCT,77000,1st Owner,Apr 2027,Third Party,TS04,"Kukatpally, Hyderabad",9.0,9.6,9.5,8.7,8.9,8.3,1452,No,No,Yes,No immediate servicing required,898400
Tata,Nexon,XZA Plus (S),2021,Jul,2021,4,Petrol,BSVI,Automatic,AMT,49000,1st Owner,Aug 2026,Third Party,TS15,"Uppal, Hyderabad",9.12,9.8,9.7,9.0,8.9,8.2,1452,No,No,Yes,"12 months or 15,000 km",686400
Nissan,Magnite,XV Premium Turbo CVT,2022,Feb,2022,3,Petrol,BSVI,Automatic,CVT,32000,1st Owner,Mar 2027,Comprehensive,TS09,"Kukatpally, Hyderabad",9.3,9.9,9.7,9.5,8.7,8.7,1452,No,No,Yes,"12 months or 10,000 km",664800
Nissan,Magnite,XV Premium Turbo CVT,2024,Apr,2024,2,Petrol,BSVI,Automatic,CVT,37000,1st Owner,Aug 2026,Comprehensive,TS09,"Uppal, Hyderabad",9.08,9.9,9.6,9.0,8.9,8.0,1452,No,No,Yes,"12 months or 10,000 km",706400
Audi,Q3,30 TFSI Premium,2018,Nov,2018,8,Petrol,BSIV,Automatic,,58000,1st Owner,Dec 2026,Comprehensive,AP21,"Kukatpally, Hyderabad",9.08,9.8,9.6,9.0,8.9,8.1,1452,No,No,Yes,"12 months or 15,000 km",1365406
Kia,Seltos,GTX Plus 1.4 DCT,2022,Jul,2022,3,Petrol,BSVI,Automatic,DCT,52000,2nd Owner,Oct 2026,Comprehensive,TS07,"Kukatpally, Hyderabad",8.96,9.8,9.6,9.1,8.3,8.0,1452,No,No,Yes,"12 months or 10,000 km",1106400
Nissan,Magnite,XV Premium Turbo CVT,2022,Mar,2022,3,Petrol,BSVI,Automatic,CVT,28000,1st Owner,Apr 2027,Third Party,AP39,"Kukatpally, Hyderabad",9.3,9.9,9.3,9.3,9.1,8.9,1452,No,No,Yes,"12 months or 10,000 km",654400
Kia,Seltos,HTX IVT 1.5,2021,Dec,2021,5,Petrol,BSVI,Automatic,CVT,68000,1st Owner,Apr 2027,Third Party,TS07,"Kukatpally, Hyderabad",8.92,9.7,9.4,8.9,8.4,8.2,1452,No,No,Yes,"12 months or 10,000 km",871164
Audi,Q3,40 TFSI Technology,2023,Oct,2023,3,Petrol,BSVI,Automatic,DCT,22000,1st Owner,Apr 2027,Comprehensive,TS10,"Kukatpally, Hyderabad",9.5,9.9,9.8,9.5,9.4,8.9,1452,No,No,Yes,"12 months or 15,000 km",2868286
,Lexus,NX 300h Luxury,2018,Jan,2018,7,Petrol,,Automatic,CVT,108000,2nd Owner,Insurance Type,Third Party,TS10,"Kukatpally, Hyderabad",8.86,9.6,9.3,8.5,8.7,8.2,1452,No,No,Yes,"12 months or 10,000 km",2173406
Jeep,Compass,Limited Plus Petrol AT,2020,Nov,2020,5,Petrol,BSVI,Automatic,DCT,82000,3rd Owner,Nov 2026,Comprehensive,TS15,"Kukatpally, Hyderabad",8.64,9.6,9.0,7.8,8.5,8.3,1452,No,No,Yes,"12 months or 15,000 km",969486
Jeep,Compass,Trailhawk (O) 2.0 4x4,2019,Jun,2019,6,Diesel,BSVI,Automatic,Torque Convertor,70000,3rd Owner,Aug 2026,Comprehensive,TS07,"Kukatpally, Hyderabad",8.86,9.6,9.5,8.7,8.8,7.7,1432,No,No,Yes,"12 months or 15,000 km",1090686
Volkswagen,Taigun,Topline 1.0 TSI MT,2022,Nov,2022,4,Petrol,BSVI,Manual,Regular,120000,1st Owner,Apr 2027,Third Party,TS07,"Kukatpally, Hyderabad",8.32,9.3,9.2,7.6,8.1,7.4,1573,No,No,,"12 months or 15,000 km",763200
Hyundai,Creta,SX 1.5 Petrol,2020,Aug,2020,5,Petrol,BSVI,Manual,Regular,51000,1st Owner,Sep 2026,Comprehensive,TS09,"Uppal, Hyderabad",9.24,9.8,9.7,9.0,9.0,8.7,1573,No,No,Yes,"12 months or 10,000 km",880000
Kia,Seltos,HTX 1.5,2023,Nov,2023,3,Petrol,BSVI,Manual,Regular,47000,1st Owner,Jan 2027,Comprehensive,TS07,"Kukatpally, Hyderabad",9.06,9.8,9.6,8.9,8.6,8.4,1573,No,No,Yes,"12 months or 10,000 km",966400
Audi,Q5,45 TFSI Technology,2019,Jul,2019,7,Petrol,,Automatic,,64000,1st Owner,Nov 2026,Comprehensive,TS09,"Kukatpally, Hyderabad",8.68,9.8,8.8,8.4,8.5,7.9,1452,No,No,Yes,No immediate servicing required,2092606
Hyundai,Venue,SX 1.2 Petrol,2025,Mar,2025,0,Petrol,BSVI,Manual,Regular,6000,1st Owner,Apr 2027,Third Party,TG09,"Kukatpally, Hyderabad",9.84,10.0,10.0,9.9,9.7,9.6,1573,No,No,Yes,"12 months or 10,000 km",915164
Jeep,Compass,Limited Plus 2.0 Diesel 4x4 AT,2021,Jan,2021,5,Diesel,BSVI,Automatic,Torque Convertor,49000,1st Owner,Apr 2027,Comprehensive,TS08,"Kukatpally, Hyderabad",9.14,9.8,9.7,9.0,9.1,8.1,1432,No,No,Yes,"12 months or 15,000 km",1277334
Kia,Sonet,HTX 1.5,2021,Jun,2021,4,Diesel,BSVI,Manual,Regular,57000,2nd Owner,Apr 2027,Third Party,TS07,"Uppal, Hyderabad",9.0,9.8,9.6,8.6,8.7,8.3,1576,No,No,Yes,"12 months or 10,000 km",689600
Kia,Sonet,HTK Plus 1.2 Petrol MT,2023,May,2023,2,Petrol,BSVI,Manual,Regular,11000,1st Owner,Apr 2027,Third Party,TS12,"Uppal, Hyderabad",9.72,9.9,9.9,9.8,9.6,9.4,1573,No,No,Yes,"12 months or 10,000 km",683200
Kia,Seltos,HTK Plus 1.5,2023,Sep,2023,3,Petrol,BSVI,Manual,Regular,45000,1st Owner,Apr 2027,Third Party,TS26,"Kukatpally, Hyderabad",9.24,9.8,9.7,9.2,8.9,8.6,1573,No,No,Yes,"12 months or 10,000 km",850364
Kia,Seltos,GTX Plus DCT 1.4,2019,Sep,2019,6,Petrol,,Automatic,DCT,35000,1st Owner,Oct 2026,Comprehensive,TS07,"Kukatpally, Hyderabad",9.1,9.9,9.7,8.9,8.6,8.4,1452,No,No,Yes,"12 months or 10,000 km",984800
Kia,Seltos,GTX Plus DCT 1.4,2020,Nov,2020,5,Petrol,BSVI,Automatic,DCT,103000,1st Owner,Dec 2026,Third Party,TS07,"Kukatpally, Hyderabad",8.72,9.6,9.2,8.1,8.4,8.3,1452,No,No,Yes,No immediate servicing required,875200
Kia,Seltos,GTX Plus 1.4 DCT,2021,Apr,2021,4,Petrol,BSVI,Automatic,DCT,72000,1st Owner,Apr 2027,Third Party,TS08,"Kukatpally, Hyderabad",8.92,9.7,9.4,8.9,8.8,7.8,1452,No,No,Yes,No immediate servicing required,972800
Kia,Seltos,GTX Plus 1.4 DCT,2021,Mar,2021,4,Petrol,BSVI,Automatic,DCT,103000,1st Owner,Apr 2027,Third Party,TS09,"Kukatpally, Hyderabad",8.52,9.6,8.5,8.3,8.3,7.9,1452,No,No,Yes,"12 months or 10,000 km",884000
Kia,Seltos,GTX Plus DCT 1.4,2020,Mar,2020,5,Petrol,,Automatic,DCT,92000,1st Owner,Apr 2027,Third Party,TS07,"Hafeezpet, Hyderabad",8.78,9.7,9.3,8.6,8.1,8.2,1452,No,No,Yes,No immediate servicing required,881564
Volkswagen,Taigun,Topline 1.0 TSI MT,2023,Dec,2023,3,Petrol,BSVI,Manual,Regular,74000,1st Owner,Apr 2027,Third Party,AP39,"Kukatpally, Hyderabad",8.9,9.7,9.4,9.1,8.1,8.2,1573,No,No,Yes,No immediate servicing required,828800
Nissan,Magnite,XV Premium Turbo CVT,2023,Apr,2023,2,Petrol,,Automatic,CVT,29000,1st Owner,Apr 2027,Third Party,TS08,"Uppal, Hyderabad",9.2,9.9,9.8,9.1,8.6,8.6,1452,No,No,Yes,"12 months or 10,000 km",719200
MG Motors,Hector,Sharp 2.0 Diesel Turbo MT,2022,Feb,2022,3,Diesel,BSVI,Manual,Regular,35000,1st Owner,Feb 2027,Comprehensive,TS07,"Kukatpally, Hyderabad",9.18,9.9,9.5,9.1,9.2,8.2,1576,No,No,Yes,"12 months or 10,000 km",95
Kia,Seltos,GTX Plus 1.5 Diesel AT,2021,Jun,2021,4,Diesel,BSVI,Automatic,Torque Convertor,102000,1st Owner,Apr 2027,Third Party,TS07,"Kukatpally, Hyderabad",8.72,9.6,9.2,8.6,8.1,8.1,1432,No,No,Yes,No immediate servicing required,1024430
MG Motors,Hector,Sharp 1.5 Petrol CVT,2021,Feb,2021,4,Petrol,,Automatic,CVT,50000,1st Owner,Apr 2027,Third Party,TS09,"Hafeezpet, Hyderabad",9.0,9.8,9.5,8.9,8.5,8.3,1452,No,No,Yes,"12 months or 10,000 km",11
BMW,X1,sDrive18d M Sport,2024,Apr,2024,2,Diesel,BSIV,Automatic,DCT,23000,1st Owner,Dec 2026,Comprehensive,TS09,"Kukatpally, Hyderabad",9.38,9.9,9.8,9.3,9.3,8.6,1432,No,No,Yes,"12 months or 15,000 km",3676286
Volkswagen,Taigun,Topline 1.0 TSI MT,2022,Feb,2022,3,Petrol,BSVI,Manual,Regular,120000,1st Owner,Apr 2027,Third Party,TS07,"Hafeezpet, Hyderabad",8.54,9.6,8.9,7.9,7.9,8.4,1573,No,No,Yes,No immediate servicing required,897600
Kia,Sonet,GTX Plus 1.0 DCT,2022,Oct,2022,3,Petrol,BSVI,Automatic,DCT,45000,2nd Owner,Aug 2026,Comprehensive,TS07,"Uppal, Hyderabad",9.0,9.6,9.7,9.0,8.3,8.4,1452,No,No,Yes,No immediate servicing required,837600
Tata,Nexon,XMA (S),2022,May,2022,3,Petrol,BSVI,Automatic,AMT,24000,1st Owner,Apr 2027,Third Party,TS07,"Uppal, Hyderabad",9.36,9.9,9.8,9.5,9.2,8.4,1452,No,No,Yes,"12 months or 15,000 km",660800
Kia,Sonet,HTK Plus 1.5 AT,2021,May,2021,4,Diesel,BSVI,Automatic,Torque Convertor,44000,1st Owner,Apr 2027,Third Party,TS09,"Uppal, Hyderabad",8.9,9.7,9.5,8.9,8.6,7.8,1432,No,No,Yes,"12 months or 10,000 km",739200
Kia,Seltos,GTX Plus DCT 1.4,2021,Apr,2021,4,Petrol,BSVI,Automatic,DCT,82000,1st Owner,Apr 2027,Third Party,AP39,"Kukatpally, Hyderabad",8.74,9.7,9.4,8.1,8.7,7.8,1452,No,No,Yes,No immediate servicing required,940000
Maruti Suzuki,S-Cross,Zeta 1.3,2017,May,2017,8,Diesel,BSIV,Manual,Regular,95000,1st Owner,Apr 2027,Third Party,AP16,"Kukatpally, Hyderabad",8.6,9.3,9.4,8.2,8.1,8.0,1576,No,No,Yes,"12 months or 10,000 km",471200
Tata,Nexon,XMA (S) Diesel,2020,Sep,2020,5,Diesel,BSVI,Automatic,AMT,71000,2nd Owner,Apr 2027,Third Party,TS07,"Hafeezpet, Hyderabad",9.08,9.7,9.5,9.0,8.8,8.4,1432,No,No,Yes,"12 months or 15,000 km",7
Kia,Sonet,GTX Plus 1.5,2021,Jan,2021,4,Diesel,,Manual,Regular,53000,1st Owner,Jan 2027,Comprehensive,TS07,"Kukatpally, Hyderabad",9.0,9.7,9.3,8.9,8.8,8.3,1576,No,No,Yes,"12 months or 10,000 km",803244
Kia,Seltos,HTX 1.5,2023,Jan,2023,2,Petrol,BSVI,Manual,Regular,49000,1st Owner,Mar 2027,Comprehensive,TS15,"Kukatpally, Hyderabad",9.65,9.8,9.7,9.1,,10.0,19,No,No,Yes,"12 months or 10,000 km",1029600
Kia,Seltos,HTX Plus 1.5 Diesel,2020,Jan,2020,5,Diesel,BSVI,Manual,Regular,74000,1st Owner,Jan 2027,Third Party,AP39,"Kukatpally, Hyderabad",8.92,9.7,9.5,8.8,8.5,8.1,1576,No,No,Yes,"12 months or 10,000 km",928800
Kia,Seltos,GTX Plus DCT 1.4,2020,Aug,2020,5,Petrol,BSVI,Automatic,DCT,80000,2nd Owner,Apr 2027,Third Party,AP39,"Kukatpally, Hyderabad",9.14,9.7,9.5,9.0,8.8,8.7,1452,No,No,Yes,No immediate servicing required,839200
Kia,Seltos,GTX Plus DCT 1.4,2020,Jan,2020,5,Petrol,BSVI,Automatic,DCT,110000,2nd Owner,Feb 2027,Comprehensive,TS07,"Kukatpally, Hyderabad",8.66,9.6,9.2,8.7,8.0,7.8,1452,No,No,Yes,No immediate servicing required,817600
Hyundai,Creta,SX 1.5 Petrol IVT,2022,Feb,2022,3,Petrol,BSVI,Automatic,CVT,102000,1st Owner,Apr 2027,Third Party,TS07,"Uppal, Hyderabad",8.78,9.6,9.3,8.6,8.4,8.0,1452,No,No,Yes,"12 months or 10,000 km",968764
Volkswagen,Taigun,Topline 1.0 TSI MT,2023,Nov,2023,3,Petrol,BSVI,Manual,Regular,50000,1st Owner,Aug 2026,Comprehensive,TS08,"Kukatpally, Hyderabad",9.12,9.6,9.7,8.7,9.1,8.5,1573,No,No,Yes,"12 months or 15,000 km",864000
Kia,Sonet,GTX Plus 1.5,2021,Apr,2021,4,Diesel,,Manual,Regular,30000,1st Owner,Apr 2027,Third Party,TS09,"Kukatpally, Hyderabad",9.16,9.9,9.0,9.2,8.9,8.8,1576,No,No,Yes,"12 months or 10,000 km",835200
Kia,Seltos,GTX Plus AT 1.5 Diesel,2020,Jan,2020,5,Diesel,BSVI,Automatic,Torque Convertor,120000,2nd Owner,Apr 2027,Third Party,TS09,"Kukatpally, Hyderabad",8.58,9.6,9.1,7.6,8.1,8.5,1432,No,No,Yes,"12 months or 10,000 km",876000
Kia,Seltos,HTX 1.5 IVT,2022,Apr,2022,3,Petrol,BSVI,Automatic,CVT,54000,1st Owner,Apr 2027,Third Party,TS08,"Kukatpally, Hyderabad",9.12,9.8,9.6,9.1,8.9,8.2,1452,No,No,Yes,"12 months or 10,000 km",1022400
Kia,Sonet,Anniversary Edition 1.5,2022,Apr,2022,3,Diesel,BSVI,Manual,Regular,69000,1st Owner,Apr 2027,Third Party,TS07,"Uppal, Hyderabad",8.82,9.6,9.4,8.7,8.4,8.0,1576,No,No,Yes,"12 months or 10,000 km",726400
Kia,Seltos,HTX 1.5,2020,Jul,2020,5,Petrol,BSVI,Manual,Regular,66000,1st Owner,Aug 2026,Comprehensive,AP39,"Kukatpally, Hyderabad",9.1,9.8,9.6,8.9,8.9,8.3,1573,No,No,Yes,"12 months or 10,000 km",816000
Kia,Seltos,GTX Plus 1.5 Diesel AT,2021,Oct,2021,4,Diesel,BSIV,Automatic,Torque Convertor,120000,1st Owner,Nov 2026,Comprehensive,TS11,"Kukatpally, Hyderabad",8.7,9.5,8.5,8.2,8.7,8.6,1432,No,No,Yes,No immediate servicing required,1007200
Volkswagen,Taigun,Highline 1.0 TSI MT,2022,Mar,2022,3,Petrol,BSVI,Manual,Regular,62000,1st Owner,Apr 2027,Third Party,TS08,"Kukatpally, Hyderabad",9.12,9.8,9.6,9.1,8.8,8.3,1573,No,No,Yes,No immediate servicing required,764800
Ford,EcoSport,Trend 1.5 TDCi,2015,Aug,2015,10,Diesel,BSIV,Manual,Regular,143000,1st Owner,Apr 2027,Third Party,TS13,"Uppal, Hyderabad",8.54,9.5,9.1,8.1,7.6,8.4,1576,No,No,Yes,"12 months or 10,000 km",347200
Kia,Sonet,GTX Plus 1.0 DCT,2023,Jan,2023,2,Petrol,BSVI,Automatic,DCT,35000,1st Owner,Jan 2027,Comprehensive,TS13,"Uppal, Hyderabad",9.3,9.9,9.7,9.3,9.4,8.2,1452,No,No,Yes,"12 months or 10,000 km",957600
Ford,EcoSport,Titanium 1.5L Ti-VCT,2016,Nov,2016,9,Petrol,BSIV,Manual,Regular,111000,1st Owner,Nov 2026,Comprehensive,TS15,"Kukatpally, Hyderabad",8.76,9.6,9.2,8.3,8.1,8.6,1573,No,No,Yes,"12 months or 10,000 km",410400
Tata,Nexon,Fearless Plus 1.2 Revotron Petrol 6MT,2023,Aug,2023,2,Petrol,,Manual,Regular,28000,1st Owner,Apr 2027,Third Party,TS07,"Uppal, Hyderabad",9.34,9.9,9.8,8.6,9.4,9.0,1573,No,No,Yes,"12 months or 15,000 km",847164
Ford,EcoSport,Titanium+ 1.5L TDCi,2016,Aug,2016,9,Diesel,BSIV,Manual,Regular,132000,1st Owner,Apr 2027,Third Party,TS13,"Uppal, Hyderabad",8.12,9.1,8.4,7.2,7.9,8.0,1576,No,No,Yes,"12 months or 10,000 km",444000
Hyundai,Alcazar,Signature 6 STR 1.5 Diesel,2023,Nov,2023,3,Diesel,BSVI,Manual,Regular,70000,1st Owner,Apr 2027,Third Party,TS08,"Kukatpally, Hyderabad",9.06,9.7,9.1,9.0,9.0,8.5,1576,No,No,Yes,"12 months or 10,000 km",1195164
Tata,Nexon,XZA Plus (O) Dual Tone,2022,Mar,2022,3,Petrol,BSVI,Automatic,AMT,41000,1st Owner,Apr 2027,Third Party,TS08,"Kukatpally, Hyderabad",9.0,9.8,9.6,9.1,8.5,8.0,1452,No,No,Yes,"12 months or 15,000 km",806400
Renault,Kiger,RXZ Turbo CVT Dual Tone,2022,Jan,2022,3,Petrol,BSVI,Automatic,CVT,45000,1st Owner,Apr 2027,Third Party,TS08,"Uppal, Hyderabad",9.26,9.8,9.7,9.4,9.1,8.3,1452,No,No,Yes,No immediate servicing required,619200
Kia,Seltos,HTX 1.5 IVT,2021,Aug,2021,4,Petrol,BSVI,Automatic,CVT,84000,2nd Owner,Apr 2027,Third Party,AP39,"Uppal, Hyderabad",8.72,9.7,9.4,8.7,8.4,7.4,1452,No,No,Yes,"12 months or 10,000 km",790400
Kia,Seltos,GTX Plus 1.4 DCT,2022,Jul,2022,3,Petrol,BSVI,Automatic,DCT,41000,1st Owner,Apr 2027,Third Party,TS08,"Kukatpally, Hyderabad",9.08,9.6,9.6,9.4,8.8,8.0,1452,No,No,Yes,No immediate servicing required,1154400
Mahindra,XUV500,W11 AT,2018,May,2018,7,Diesel,BSIV,Automatic,Torque Convertor,76000,1st Owner,Apr 2027,Third Party,TS09,"Kukatpally, Hyderabad",8.8,9.3,9.5,8.3,8.6,8.3,1432,No,No,Yes,"12 months or 10,000 km",973522
Maruti Suzuki,Brezza,ZXi Plus,2024,Sep,2024,2,Petrol,BSVI,Manual,Regular,20000,2nd Owner,Jan 2027,Comprehensive,TS11,"Uppal, Hyderabad",9.66,9.9,9.9,9.7,9.5,9.3,1573,No,No,Yes,"12 months or 10,000 km",843200
Tata,Nexon,XM Plus (S) Diesel,2023,Jan,2023,2,Diesel,BSVI,Manual,Regular,49000,1st Owner,Feb 2027,Comprehensive,TS09,"Uppal, Hyderabad",9.08,9.8,9.7,8.9,8.4,8.6,1576,No,No,Yes,"12 months or 15,000 km",744000
Kia,Sonet,GTX Plus 1.0 DCT,2020,Nov,2020,5,Petrol,BSVI,Automatic,DCT,43000,1st Owner,Nov 2026,Comprehensive,TS08,"Kukatpally, Hyderabad",9.14,9.7,9.7,9.0,8.8,8.5,1452,No,No,Yes,"12 months or 10,000 km",751200
Renault,Kiger,RXZ MT,2022,May,2022,3,Petrol,BSVI,Manual,Regular,93000,1st Owner,Apr 2027,Third Party,AP39,"Uppal, Hyderabad",8.72,9.7,9.3,8.3,8.2,8.1,1573,No,No,Yes,"12 months or 10,000 km",459200
Kia,Seltos,GTX Plus DCT 1.4,2019,Sep,2019,6,Petrol,BSVI,Automatic,DCT,106000,1st Owner,Apr 2027,Third Party,TS07,"Kukatpally, Hyderabad",8.48,9.6,9.2,8.2,8.0,7.4,1452,No,No,Yes,No immediate servicing required,810400
Kia,Seltos,GTX Plus DCT 1.4,2020,Nov,2020,6,Petrol,BSVI,Automatic,DCT,109000,2nd Owner,Apr 2027,Third Party,TS07,"Kukatpally, Hyderabad",8.46,9.6,8.8,7.8,8.1,8.0,1452,No,No,Yes,No immediate servicing required,767200
Kia,Seltos,GTX Plus DCT 1.4,2020,Nov,2020,6,Petrol,BSIV,Automatic,DCT,90000,1st Owner,Apr 2027,Third Party,TS09,"Kukatpally, Hyderabad",8.56,9.7,9.3,7.7,8.0,8.1,1452,No,No,Yes,No immediate servicing required,854400
MG Motors,Hector,Sharp 1.5 Petrol CVT,2022,Feb,2022,3,Petrol,BSVI,Automatic,CVT,64000,1st Owner,Apr 2027,Third Party,TS13,"Kukatpally, Hyderabad",9.26,9.8,9.6,9.3,9.3,8.3,1452,No,No,Yes,"12 months or 10,000 km",11
Maruti Suzuki,Fronx,Alpha 1.0L Turbo 6 AT,2023,Apr,2023,2,Petrol,BSVI,Automatic,Torque Convertor,88000,1st Owner,Apr 2027,Third Party,AP39,"Uppal, Hyderabad",8.56,9.7,9.4,8.5,7.9,7.3,1452,No,No,Yes,"12 months or 10,000 km",763200
Renault,Kiger,RXZ Turbo CVT,2021,Mar,2021,4,Petrol,,Automatic,CVT,50000,1st Owner,Apr 2027,Third Party,TS07,"Uppal, Hyderabad",8.82,9.8,9.4,8.2,8.5,8.2,1452,No,No,Yes,No immediate servicing required,584800
Hyundai,Creta,SX (O) 1.5 Diesel,2020,Aug,2020,5,Diesel,BSVI,Manual,Regular,52000,2nd Owner,Apr 2027,Third Party,TS09,"Uppal, Hyderabad",9.18,9.7,9.5,9.3,8.9,8.5,1576,No,No,Yes,"12 months or 10,000 km",1013564
Kia,Seltos,GTX Plus 1.5 Diesel AT,2022,Mar,2022,3,Diesel,BSVI,Automatic,Torque Convertor,49000,2nd Owner,Sep 2026,Comprehensive,TS07,"Kukatpally, Hyderabad",9.22,9.8,9.6,9.4,9.1,8.2,1432,No,No,Yes,"12 months or 10,000 km",1169600
Tata,Nexon,XZ Plus Diesel,2022,Jul,2022,3,Diesel,BSVI,Manual,Regular,105000,1st Owner,Apr 2027,Third Party,TS13,"Uppal, Hyderabad",8.52,9.3,8.4,8.5,7.8,8.6,1576,No,No,Yes,"12 months or 15,000 km",672800
Kia,Seltos,GTX Plus 1.4,2019,Aug,2019,6,Petrol,BSIV,Manual,Regular,64000,1st Owner,Sep 2026,Comprehensive,TS10,"Uppal, Hyderabad",8.96,9.8,9.4,9.0,8.6,8.0,1573,No,No,Yes,No immediate servicing required,868000
Maruti Suzuki,Vitara,Brezza ZDi+ Dual Tone,2017,Feb,2017,8,Diesel,BSIV,Manual,Regular,105000,1st Owner,Apr 2027,Third Party,TS31,"Uppal, Hyderabad",8.6,9.6,9.3,8.3,7.7,8.1,1576,No,No,Yes,"12 months or 10,000 km",555200
MG Motors,Hector,Plus Sharp 2.0 Diesel Turbo MT 6-STR,2021,Nov,2021,4,Diesel,BSVI,Manual,Regular,51000,1st Owner,Apr 2027,Third Party,AP39,"Kukatpally, Hyderabad",8.98,9.8,8.9,8.9,8.9,8.4,1576,No,No,Yes,No immediate servicing required,1142321
MG Motors,Hector,Plus Sharp 1.5 Petrol Turbo CVT 6-STR,2022,Mar,2022,3,Petrol,BSVI,Automatic,DCT,62000,1st Owner,Apr 2027,Third Party,TS08,"Kukatpally, Hyderabad",8.88,9.7,9.3,8.9,8.1,8.4,1452,No,No,Yes,"12 months or 10,000 km",1175164
Kia,Sonet,HTX 1.5,2021,Feb,2021,4,Diesel,BSIV,Manual,Regular,46000,1st Owner,Apr 2027,Third Party,TS08,"Uppal, Hyderabad",9.04,9.7,9.5,8.8,9.0,8.2,1576,No,No,Yes,"12 months or 10,000 km",740000
Maruti Suzuki,Fronx,Alpha 1.0L Turbo MT,2024,Apr,2024,2,Petrol,,Manual,Regular,12000,1st Owner,Dec 2026,Comprehensive,TS07,"Uppal, Hyderabad",9.6,9.9,9.9,9.8,9.2,9.2,1573,No,No,Yes,"12 months or 10,000 km",801600
Hyundai,Creta,SX 1.6 AT CRDi,2019,Nov,2019,7,Diesel,BSIV,Automatic,Torque Convertor,92000,1st Owner,Feb 2027,Comprehensive,TS07,"Kukatpally, Hyderabad",8.48,9.5,8.9,8.3,7.7,8.0,1432,No,No,Yes,"12 months or 10,000 km",800800
Kia,Seltos,HTX 1.5,2020,Aug,2020,5,Petrol,BSVI,Manual,Regular,46000,1st Owner,Sep 2028,Comprehensive,TS07,"Kukatpally, Hyderabad",8.94,9.8,9.6,8.6,8.4,8.3,1573,No,No,Yes,No immediate servicing required,820800
Kia,Seltos,GTX Plus 1.4,2023,Jan,2023,2,Petrol,BSVI,Manual,Regular,49000,1st Owner,Apr 2027,Third Party,TS07,"Uppal, Hyderabad",9.04,9.8,9.7,9.1,8.4,8.2,1573,No,No,Yes,"12 months or 10,000 km",1177600
Volkswagen,Taigun,Highline 1.0 TSI MT,2022,Feb,2022,3,Petrol,BSVI,Manual,Regular,64000,1st Owner,Apr 2027,Third Party,TS07,"Kukatpally, Hyderabad",9.1,9.8,9.6,9.2,8.5,8.4,1573,No,No,Yes,"12 months or 15,000 km",763200
Kia,Seltos,GTX DCT 1.4 Dual Tone,2019,Aug,2019,6,Petrol,BSIV,Automatic,DCT,37000,1st Owner,Apr 2027,Third Party,TS07,"Uppal, Hyderabad",8.84,9.9,9.6,8.7,8.1,7.9,1452,No,No,Yes,"12 months or 10,000 km",912000
Hyundai,Creta,SX 1.6 (O) Petrol,2018,May,2018,7,Petrol,BSIV,Manual,Regular,48000,1st Owner,Apr 2027,Third Party,TS12,"Kukatpally, Hyderabad",8.98,9.8,9.7,8.8,8.4,8.2,1573,No,No,Yes,"12 months or 10,000 km",770400
Ford,EcoSport,Titanium 1.5 TDCi,2015,Mar,2015,10,Diesel,BSIV,Manual,Regular,146000,1st Owner,Mar 2027,Comprehensive,TS08,"Uppal, Hyderabad",8.5,9.4,9.0,8.0,7.7,8.4,1576,No,No,Yes,"12 months or 10,000 km",382400
Mahindra,XUV,300 W8 (O) 1.5 Diesel,2022,Jul,2022,3,Diesel,BSVI,Manual,Regular,47000,1st Owner,Feb 2027,Comprehensive,AP39,"Kukatpally, Hyderabad",8.96,9.8,8.8,8.9,8.8,8.5,1576,No,No,Yes,"12 months or 10,000 km",824800
Kia,Seltos,HTX 1.5 Diesel,2022,Apr,2022,3,Diesel,BSVI,Manual,Regular,99000,1st Owner,Apr 2027,Third Party,TS04,"Kukatpally, Hyderabad",8.76,9.4,9.1,8.3,8.6,8.4,1576,No,No,Yes,No immediate servicing required,951710
Maruti Suzuki,Grand,Vitara Alpha Smart Hybrid,2023,Oct,2023,3,Petrol,BSVI,Manual,Regular,94000,1st Owner,Apr 2027,Third Party,TS15,"Kukatpally, Hyderabad",8.9,9.7,9.4,8.9,8.2,8.3,1573,No,No,Yes,No immediate servicing required,922635
Renault,Duster,110 PS RXZ 4X2 MT Diesel,2018,Oct,2018,7,Diesel,,Manual,Regular,86000,1st Owner,Nov 2026,Comprehensive,TS08,"Uppal, Hyderabad",8.78,9.6,9.2,8.3,8.6,8.2,1576,No,No,Yes,"12 months or 10,000 km",527200
Mahindra,Thar,Roxx AX7 L Petrol AT 2WD,2025,Mar,2025,0,Petrol,,Automatic,Torque Convertor,5000,1st Owner,Apr 2027,Third Party,TG07,"Kukatpally, Hyderabad",9.82,10.0,9.9,9.9,9.8,9.5,1452,No,No,Yes,"12 months or 10,000 km",1709522
Mahindra,XUV700,AX 7 Diesel AT Luxury Pack 7 STR,2022,May,2022,3,Diesel,BSVI,Automatic,Torque Convertor,44000,1st Owner,Apr 2027,Third Party,TS10,"Kukatpally, Hyderabad",9.26,9.8,9.7,9.2,8.8,8.8,1432,No,No,Yes,No immediate servicing required,1662322
Renault,Kiger,RXZ 1.0 Turbo MT Dual Tone,2022,Jan,2022,3,Petrol,BSVI,Manual,Regular,45000,1st Owner,Apr 2027,Third Party,TS07,"Uppal, Hyderabad",9.22,9.8,9.7,9.1,9.2,8.3,1573,No,No,Yes,No immediate servicing required,541600
Maruti Suzuki,Fronx,Alpha 1.0L Turbo 6 AT,2025,May,2025,1,Petrol,,Automatic,Torque Convertor,22000,1st Owner,Nov 2026,Comprehensive,TG07,"Kukatpally, Hyderabad",9.58,9.9,9.7,9.8,9.6,8.9,1452,No,No,Yes,"12 months or 10,000 km",452
Ford,EcoSport,Trend+ 1.5L TDCi,2017,May,2017,8,Diesel,BSIV,Manual,Regular,128000,2nd Owner,Apr 2027,Third Party,TS08,"Hafeezpet, Hyderabad",8.58,9.5,9.0,8.1,7.9,8.4,1576,No,No,Yes,"12 months or 10,000 km",423200
Renault,Captur,RXL Diesel,2018,Nov,2018,8,Diesel,BSIV,Manual,Regular,95000,1st Owner,Apr 2027,Third Party,AP37,"Kukatpally, Hyderabad",8.52,9.3,9.3,7.5,8.1,8.4,1576,No,No,Yes,No immediate servicing required,454500
Kia,Seltos,HTX Plus AT 1.5 Diesel,2020,Jan,2020,5,Diesel,,Automatic,Torque Convertor,112000,1st Owner,Apr 2027,Third Party,TS12,"Hafeezpet, Hyderabad",8.22,9.5,8.9,7.2,7.6,7.9,1432,No,No,Yes,No immediate servicing required,848800
Kia,Seltos,GTX Plus 1.5 Turbo Petrol DCT,2023,Sep,2023,2,Petrol,,Automatic,DCT,37000,1st Owner,Sep 2026,Comprehensive,TS09,"Kukatpally, Hyderabad",9.32,9.9,9.7,9.5,9.0,8.5,1452,No,No,Yes,"12 months or 10,000 km",1343200
Kia,Sonet,HTK Plus 1.5,2023,Feb,2023,2,Diesel,BSVI,Manual,Regular,57000,1st Owner,Apr 2027,Third Party,TS08,"Hafeezpet, Hyderabad",8.96,9.7,8.8,9.1,9.1,8.1,1576,No,No,Yes,"12 months or 10,000 km",759200
Tata,Punch,Creative Flagship Dual Tone MT,2024,Dec,2024,2,Petrol,,Manual,Regular,32000,1st Owner,Dec 2026,Comprehensive,TS07,"Uppal, Hyderabad",9.42,9.9,9.8,9.5,9.0,8.9,1573,No,No,Yes,"12 months or 15,000 km",654400
MG Motors,Hector,Sharp Hybrid 1.5 Petrol,2020,Oct,2020,5,Hybrid,BSVI,Manual,Regular,80000,2nd Owner,Apr 2027,Third Party,AP39,"Kukatpally, Hyderabad",8.86,9.7,9.5,8.2,8.8,8.1,1566,No,No,Yes,No immediate servicing required,767200
Honda,Elevate,VX MT,2023,Sep,2023,2,Petrol,BSVI,Manual,Regular,40000,1st Owner,Sep 2026,Comprehensive,AP40,"Hafeezpet, Hyderabad",9.2,9.8,9.7,9.2,9.1,8.2,1573,No,No,Yes,No immediate servicing required,892800
Maruti Suzuki,Brezza,ZXI AT,2022,Jul,2022,3,Petrol,BSVI,Automatic,Torque Convertor,47000,1st Owner,Apr 2027,Third Party,TS08,"Kukatpally, Hyderabad",8.94,9.8,9.7,8.6,8.7,7.9,1452,No,No,Yes,"12 months or 10,000 km",825600
Volkswagen,Taigun,Highline 1.0 TSI MT,2023,Jul,2023,2,Petrol,BSVI,Manual,Regular,18000,1st Owner,Apr 2027,Third Party,TS03,"Uppal, Hyderabad",9.58,9.9,9.9,9.7,9.2,9.2,1573,No,No,Yes,"12 months or 15,000 km",904776
Maruti Suzuki,Brezza,ZXi Plus,2023,Feb,2023,2,Petrol,BSVI,Manual,Regular,71000,1st Owner,Apr 2027,Third Party,TS07,"Uppal, Hyderabad",9.04,9.7,9.5,9.1,8.6,8.3,1573,No,No,Yes,"12 months or 10,000 km",817600
Skoda,Kushaq,Style 1.5L TSI DSG,2022,Jun,2022,3,Petrol,BSIV,Automatic,DSG,102000,2nd Owner,Apr 2027,Third Party,TS07,"Kukatpally, Hyderabad",8.86,9.6,9.2,8.6,8.6,8.3,1452,No,No,Yes,No immediate servicing required,945564
Renault,Kiger,RXZ Turbo CVT Dual Tone,2022,Jun,2022,3,Petrol,BSVI,Automatic,CVT,29000,1st Owner,Apr 2027,Third Party,TS10,"Uppal, Hyderabad",9.22,9.8,9.7,9.2,8.9,8.5,1452,No,No,Yes,No immediate servicing required,649600
Maruti Suzuki,Brezza,ZXi Plus,2022,Jun,2022,3,Petrol,BSVI,Manual,Regular,55000,2nd Owner,Oct 2026,Comprehensive,TS35,"Hafeezpet, Hyderabad",9.06,9.8,9.6,9.0,8.6,8.3,1573,No,No,Yes,No immediate servicing required,740000
Mahindra,XUV,300 W8 (O) 1.2 Petrol,2023,Jul,2023,2,Petrol,BSVI,Manual,Regular,28000,1st Owner,Apr 2027,Third Party,AP40,"Hafeezpet, Hyderabad",9.4,9.9,9.8,9.1,9.2,9.0,1573,No,No,Yes,No immediate servicing required,798400
MG Motors,Hector,Plus Sharp 1.5 Petrol Turbo CVT 6-STR,2022,Aug,2022,3,Petrol,BSIV,Automatic,DCT,39000,1st Owner,Sep 2026,Comprehensive,TS08,"Kukatpally, Hyderabad",9.26,9.8,9.7,9.2,9.1,8.5,1452,No,No,Yes,No immediate servicing required,1241600
Mahindra,KUV100,NXT K2 6 STR,2018,Jun,2018,7,Petrol,BSIV,Manual,Regular,36000,1st Owner,Apr 2027,Third Party,TS12,"Kukatpally, Hyderabad",8.72,9.7,9.3,7.8,8.6,8.2,1573,No,No,Yes,"12 months or 10,000 km",287200
Tata,Nexon,XZA Plus (S),2021,Jan,2021,4,Petrol,BSVI,Automatic,AMT,63000,1st Owner,Jan 2027,Comprehensive,TS08,"Uppal, Hyderabad",8.78,9.5,9.0,8.6,8.7,8.1,1452,No,No,Yes,"12 months or 15,000 km",670400
Hyundai,Creta,SX 1.6 Petrol,2018,Nov,2018,7,Petrol,BSIV,Manual,Regular,49000,2nd Owner,Nov 2026,Comprehensive,TS07,"Uppal, Hyderabad",9.1,9.8,9.6,9.0,8.5,8.6,1573,No,No,Yes,"12 months or 10,000 km",660800
Hyundai,Creta,SX 1.6 Petrol,2018,Aug,2018,7,Petrol,BSIV,Manual,Regular,100000,1st Owner,Apr 2027,Third Party,TS07,"Kukatpally, Hyderabad",8.9,9.6,9.3,8.6,8.5,8.5,1573,No,No,Yes,"12 months or 10,000 km",612000
Tata,Nexon,XZA Plus (O) Diesel,2022,Mar,2022,3,Diesel,BSVI,Automatic,AMT,32000,1st Owner,Apr 2027,Third Party,TS08,"Uppal, Hyderabad",9.2,9.9,9.7,9.3,8.6,8.5,1432,No,No,Yes,No immediate servicing required,886215
Maruti Suzuki,Vitara,Brezza ZXi Plus AT SHVS,2020,Feb,2020,5,Petrol,,Automatic,Torque Convertor,68000,1st Owner,Apr 2027,Third Party,TS28,"Kukatpally, Hyderabad",8.68,9.5,9.4,8.3,8.1,8.1,1452,No,No,Yes,"12 months or 10,000 km",661600
Renault,Kiger,RXZ AMT Dual Tone,2021,Feb,2021,4,Petrol,BSVI,Automatic,AMT,21000,1st Owner,Sep 2026,Comprehensive,AP39,"Kukatpally, Hyderabad",9.24,9.8,9.5,9.1,8.9,8.9,1452,No,No,Yes,"12 months or 10,000 km",496800
Maruti Suzuki,Vitara,Brezza VXi AT SHVS,2021,Jun,2021,4,Petrol,BSVI,Automatic,Torque Convertor,37000,1st Owner,Apr 2027,Third Party,TS10,"Uppal, Hyderabad",8.92,9.8,9.7,8.7,8.3,8.1,1452,No,No,Yes,"12 months or 10,000 km",666400
Maruti Suzuki,Vitara,Brezza ZXi Plus,2022,Mar,2022,3,Petrol,BSVI,Manual,Regular,41000,1st Owner,Mar 2027,Comprehensive,TS08,"Uppal, Hyderabad",9.24,9.8,9.7,9.0,8.8,8.9,1573,No,No,Yes,"12 months or 10,000 km",707200
Kia,Sonet,HTX 1.0 DCT,2023,Mar,2023,2,Petrol,,Automatic,DCT,50000,1st Owner,Apr 2027,Third Party,TS08,"Kukatpally, Hyderabad",9.06,9.6,9.5,9.3,8.5,8.4,1452,No,No,Yes,"12 months or 10,000 km",781600
Kia,Seltos,GTX Plus DCT 1.4,2020,Jan,2020,5,Petrol,BSVI,Automatic,DCT,89000,2nd Owner,Apr 2027,Third Party,TS07,"Kukatpally, Hyderabad",8.92,9.7,9.1,8.7,8.7,8.4,1452,No,No,Yes,No immediate servicing required,829600
Nissan,Magnite,XV Premium Turbo CVT,2022,Feb,2022,3,Petrol,BSVI,Automatic,CVT,54000,1st Owner,Apr 2027,Third Party,TS10,"Kukatpally, Hyderabad",8.98,9.8,9.5,8.8,8.8,8.0,1452,No,No,Yes,No immediate servicing required,611200
Hyundai,Creta,SX 1.5 Petrol IVT,2022,Aug,2022,3,Petrol,BSVI,Automatic,CVT,93000,1st Owner,Apr 2027,Third Party,TS08,"Uppal, Hyderabad",8.98,9.7,9.4,8.9,8.7,8.2,1452,No,No,Yes,No immediate servicing required,963200
Hyundai,Venue,SX (O) 1.0 Turbo DCT,2023,Jun,2023,2,Petrol,BSVI,Automatic,DCT,20000,1st Owner,Apr 2027,Third Party,AP39,"Kukatpally, Hyderabad",9.54,9.9,9.9,9.7,9.5,8.7,1452,No,No,Yes,"12 months or 10,000 km",919177
Mahindra,XUV700,AX 7 Diesel MT Luxury Pack 7 STR,2022,May,2022,3,Diesel,BSVI,Manual,Regular,49000,1st Owner,Jul 2026,Comprehensive,TS10,"Kukatpally, Hyderabad",8.78,9.8,9.7,8.3,8.4,7.7,1576,No,No,Yes,"12 months or 10,000 km",1581600
Mahindra,XUV700,AX 7 Luxury Pack Diesel AT 7 STR,2023,Sep,2023,2,Diesel,,Automatic,Torque Convertor,98000,1st Owner,Apr 2027,Third Party,TS15,"Kukatpally, Hyderabad",8.72,9.5,9.4,8.3,8.4,8.0,1432,No,No,Yes,No immediate servicing required,1603200
Nissan,Magnite,XV Premium Turbo CVT,2023,Aug,2023,2,Petrol,BSIV,Automatic,CVT,37000,1st Owner,Nov 2026,Comprehensive,TS08,"Uppal, Hyderabad",9.46,9.9,9.7,9.6,9.6,8.5,1452,No,No,Yes,No immediate servicing required,689600
Hyundai,Creta,SX (O) 1.4 Turbo 7 DCT,2020,Sep,2020,5,Petrol,,Automatic,DCT,107000,1st Owner,Apr 2027,Third Party,TS13,"Kukatpally, Hyderabad",8.52,9.6,9.2,8.0,8.3,7.5,1452,No,No,Yes,No immediate servicing required,893601
Mahindra,XUV700,AX 5 Petrol AT 5 STR,2022,Mar,2022,3,Petrol,BSVI,Automatic,Torque Convertor,113000,1st Owner,Apr 2027,Third Party,AP39,"Kukatpally, Hyderabad",8.78,9.6,9.1,8.5,8.5,8.2,1452,No,No,Yes,No immediate servicing required,1187200
Hyundai,Creta,SX (O) 1.4 Turbo 7 DCT,2023,Dec,2023,3,Petrol,BSVI,Automatic,DCT,43000,1st Owner,Apr 2027,Third Party,TS07,"Kukatpally, Hyderabad",9.08,9.8,9.6,8.8,8.9,8.3,1452,No,No,Yes,"12 months or 10,000 km",1177600
Maruti Suzuki,S-Cross,Zeta 1.3,2018,Jul,2018,7,Diesel,BSIV,Manual,Regular,66000,1st Owner,Apr 2027,Third Party,TS12,"Uppal, Hyderabad",8.88,9.7,9.6,8.9,8.2,8.0,1576,No,No,Yes,"12 months or 10,000 km",594400
Renault,Kiger,RXZ Turbo CVT Dual Tone,2025,Oct,2025,3,Petrol,BSVI,Automatic,CVT,23000,1st Owner,Apr 2027,Third Party,TG07,"Hafeezpet, Hyderabad",9.12,9.3,9.6,9.2,9.5,8.0,1452,No,No,Yes,No immediate servicing required,609600
Kia,Seltos,HTX 1.5,2020,Aug,2020,5,Petrol,BSVI,Manual,Regular,101000,1st Owner,Oct 2026,Comprehensive,AP39,"Uppal, Hyderabad",8.5,9.4,9.3,8.0,7.6,8.2,1573,No,No,Yes,No immediate servicing required,670400
Mahindra,XUV,300 W8 (O) 1.2 Petrol,2021,Oct,2021,3,Petrol,BSIV,Manual,Regular,37000,1st Owner,Apr 2027,Third Party,TS07,"Kukatpally, Hyderabad",9.24,9.9,9.8,9.2,8.4,8.9,1573,No,No,Yes,No immediate servicing required,740000
Volkswagen,Taigun,Highline 1.0 TSI MT,2022,Jun,2022,3,Petrol,BSVI,Manual,Regular,18000,1st Owner,Apr 2027,Third Party,TS07,"Kukatpally, Hyderabad",9.5,9.9,9.9,9.4,9.2,9.1,1573,No,No,Yes,No immediate servicing required,832000
Hyundai,Alcazar,Signature (O) 7 Seater 1.5 Diesel AT,2022,Mar,2022,3,Diesel,BSIV,Automatic,Torque Convertor,64000,1st Owner,Apr 2027,Third Party,TS11,"Kukatpally, Hyderabad",8.66,9.2,8.7,8.7,8.5,8.2,1432,No,No,Yes,No immediate servicing required,104
Volkswagen,Taigun,Highline Plus 1.0 TSI MT,2025,Oct,2025,1,Petrol,,Manual,Regular,11000,1st Owner,Apr 2027,Third Party,TG08,"Kukatpally, Hyderabad",9.52,9.9,9.9,9.5,9.1,9.2,1573,No,No,Yes,No immediate servicing required,1068800
Maruti Suzuki,Grand,Vitara Alpha Smart Hybrid AllGrip,2023,Oct,2023,3,Petrol,BSVI,Manual,Regular,59000,2nd Owner,Apr 2027,Third Party,AP39,"Uppal, Hyderabad",9.22,9.8,9.6,9.0,9.2,8.5,1573,No,No,Yes,No immediate servicing required,988000
Hyundai,Alcazar,Platinum 7 STR 1.5 Diesel,2023,May,2023,2,Diesel,,Manual,Regular,25000,1st Owner,Apr 2027,Third Party,TS13,"Kukatpally, Hyderabad",9.54,9.9,9.7,9.6,9.5,9.0,1576,No,No,Yes,No immediate servicing required,1358135
MG Motors,Hector,Sharp 2.0 Diesel,2020,May,2020,5,Diesel,BSVI,Manual,Regular,93000,1st Owner,Apr 2027,Third Party,TS02,"Kukatpally, Hyderabad",8.62,9.5,9.1,8.7,8.5,7.3,1576,No,No,Yes,No immediate servicing required,871200
Hyundai,Creta,SX (O) 1.4 Turbo 7 DCT,2021,Apr,2021,4,Petrol,,Automatic,DCT,54000,1st Owner,Apr 2027,Third Party,TS08,"Kukatpally, Hyderabad",8.7,9.8,9.5,8.0,8.1,8.1,1452,No,No,Yes,"12 months or 10,000 km",1090400
Hyundai,Creta,1.6 SX Plus Petrol,2016,Mar,2016,9,Petrol,BSIV,Manual,Regular,112000,1st Owner,Apr 2027,Third Party,TS09,"Hafeezpet, Hyderabad",8.64,9.6,9.1,7.9,7.7,8.9,1573,No,No,Yes,No immediate servicing required,534400
Kia,Seltos,GTX Plus 1.4 DCT,2022,Jul,2022,3,Petrol,BSIV,Automatic,DCT,47000,1st Owner,Oct 2026,Comprehensive,TS08,"Hafeezpet, Hyderabad",9.14,9.8,9.6,9.3,8.8,8.2,1452,No,No,Yes,No immediate servicing required,1120800
MG Motors,Hector,Plus Sharp 2.0 Diesel,2021,Oct,2021,5,Diesel,BSVI,Manual,Regular,57000,1st Owner,Dec 2026,Comprehensive,AP39,"Kukatpally, Hyderabad",9.18,9.8,9.4,9.2,9.0,8.5,1576,No,No,Yes,No immediate servicing required,999200
Honda,WR-V,VX MT Petrol,2022,Sep,2022,3,Petrol,BSVI,Manual,Regular,21000,1st Owner,Jan 2027,Comprehensive,TS08,"Uppal, Hyderabad",9.3,9.9,9.8,9.0,9.0,8.8,1573,No,No,Yes,"12 months or 10,000 km",4
Nissan,Magnite,XV Premium Dual Tone,2023,Jan,2023,2,Petrol,BSVI,Manual,Regular,70000,1st Owner,Apr 2027,Third Party,AP39,"Uppal, Hyderabad",8.72,9.7,9.3,8.2,8.5,7.9,1573,No,No,Yes,"12 months or 10,000 km",517600
Tata,Punch,Creative Dual Tone AMT,2022,Jan,2022,3,Petrol,BSVI,Automatic,AMT,27000,1st Owner,Apr 2027,Third Party,TS08,"Uppal, Hyderabad",9.34,9.8,9.7,9.6,9.3,8.3,1452,No,No,Yes,"12 months or 15,000 km",613600
Maruti Suzuki,S-Cross,Alpha 1.6,2016,May,2016,9,Diesel,BSIV,Manual,Regular,100000,2nd Owner,Apr 2027,Third Party,AP40,"Kukatpally, Hyderabad",8.5,9.5,9.1,7.7,7.8,8.4,1576,No,No,Yes,No immediate servicing required,474400
Mahindra,XUV500,W11 AT,2018,May,2018,7,Diesel,BSIV,Automatic,Torque Convertor,102000,1st Owner,Apr 2027,Third Party,TS07,"Kukatpally, Hyderabad",8.36,9.3,9.2,8.1,7.6,7.6,1432,No,No,Yes,No immediate servicing required,935922
Renault,Kiger,RXT (O) MT Dual Tone,2023,Mar,2023,2,Petrol,BSVI,Manual,Regular,25000,1st Owner,Nov 2026,Comprehensive,TS08,"Kukatpally, Hyderabad",9.54,9.9,9.8,9.3,9.5,9.2,1573,No,No,Yes,"12 months or 10,000 km",502400
Skoda,Kushaq,Ambition 1.0L TSI MT,2023,Jan,2023,2,Petrol,BSVI,Manual,Regular,25000,2nd Owner,Apr 2027,Third Party,TS07,"Kukatpally, Hyderabad",9.5,9.9,9.8,9.4,9.4,9.0,1573,No,No,Yes,No immediate servicing required,821600
Hyundai,Creta,SX Plus 1.6 Petrol,2017,Sep,2017,8,Petrol,,Manual,Regular,123000,1st Owner,Apr 2027,Third Party,TS08,"Kukatpally, Hyderabad",8.54,9.5,9.1,7.6,7.7,8.8,1573,No,No,Yes,No immediate servicing required,543200
Maruti Suzuki,Brezza,Zxi Plus AT Dual Tone,2023,Jun,2023,2,Petrol,BSVI,Automatic,Torque Convertor,41000,1st Owner,Apr 2027,Third Party,AP40,"Uppal, Hyderabad",9.2,9.8,9.6,9.2,9.1,8.3,1452,No,No,Yes,No immediate servicing required,936800
Hyundai,Creta,EX 1.5 Petrol,2023,Sep,2023,2,Petrol,,Manual,Regular,15000,1st Owner,Apr 2027,Third Party,TS03,"Kukatpally, Hyderabad",9.6,9.9,9.9,9.5,9.4,9.3,1573,No,No,Yes,"12 months or 10,000 km",901600
Maruti Suzuki,S-Cross,Delta 1.6,2016,Jul,2016,10,Diesel,BSIV,Manual,Regular,131000,2nd Owner,Apr 2027,Third Party,TS10,"Uppal, Hyderabad",8.16,9.0,8.8,7.7,6.9,8.4,1576,No,No,Yes,No immediate servicing required,367200
Ford,EcoSport,Ambiente 1.5 TDCi,2013,Jul,2013,12,Diesel,BSIV,Manual,Regular,117000,1st Owner,Apr 2027,Third Party,AP09,"Uppal, Hyderabad",8.54,9.4,8.9,8.0,7.7,8.7,1576,No,No,Yes,No immediate servicing required,316800
Mahindra,Thar,LX Hard Top Diesel MT 4WD,2024,Feb,2024,1,Diesel,BSIV,Manual,Regular,15000,1st Owner,Feb 2027,Comprehensive,TG09,"Kukatpally, Hyderabad",9.68,9.9,9.9,9.7,9.5,9.4,1576,No,No,Yes,"12 months or 10,000 km",1247200
Maruti Suzuki,Grand,Vitara Zeta Plus Intelligent Hybrid eCVT,2024,Feb,2024,1,Hybrid,BSVI,Automatic,CVT,24000,1st Owner,Apr 2027,Third Party,AP40,"Hafeezpet, Hyderabad",9.46,9.9,9.7,9.7,9.1,8.9,1424,No,No,Yes,No immediate servicing required,1360766
Mahindra,Scorpio,N Z8 L Petrol AT 7 STR,2023,Feb,2023,2,Petrol,BSIV,Automatic,Torque Convertor,55000,1st Owner,Apr 2027,Third Party,TS08,"Kukatpally, Hyderabad",9.2,9.8,9.6,9.4,9.1,8.1,1452,No,No,Yes,No immediate servicing required,1498400
MG Motors,Hector,Plus Sharp Pro 2.0 Turbo Diesel 6 STR,2023,Jan,2023,2,Diesel,BSVI,Manual,Regular,26000,1st Owner,Apr 2027,Third Party,AP39,"Kukatpally, Hyderabad",9.52,9.9,9.8,9.6,9.5,8.8,1576,No,No,Yes,No immediate servicing required,9535
Hyundai,Alcazar,Signature (O) 6 STR 1.5 Petrol DCT,2023,Apr,2023,2,Petrol,BSVI,Automatic,DCT,30000,1st Owner,Apr 2027,Third Party,AP40,"Kukatpally, Hyderabad",9.34,9.9,9.7,9.4,9.1,8.6,1452,No,No,Yes,No immediate servicing required,1453600
Skoda,Kushaq,Ambition 1.0L TSI AT,2021,Aug,2021,4,Petrol,BSIV,Automatic,Torque Convertor,112000,1st Owner,Apr 2027,Third Party,TS09,"Kukatpally, Hyderabad",8.66,9.6,9.2,8.1,8.2,8.2,1452,No,No,Yes,No immediate servicing required,729600
Mahindra,XUV700,AX 5 Petrol AT 5 STR,2021,Oct,2021,4,Petrol,BSVI,Automatic,Torque Convertor,95000,1st Owner,Nov 2026,Comprehensive,AP39,"Kukatpally, Hyderabad",8.96,9.7,9.3,8.5,8.5,8.8,1452,No,No,Yes,No immediate servicing required,1095200
Renault,Kiger,RXZ AMT,2022,Jan,2022,3,Petrol,BSVI,Automatic,AMT,89000,1st Owner,Aug 2026,Comprehensive,TS07,"Kukatpally, Hyderabad",8.84,9.4,8.9,8.6,8.8,8.5,1452,No,No,Yes,No immediate servicing required,448800
Ford,EcoSport,Titanium Plus 1.5L Ti-VCT AT,2021,Jan,2021,4,Petrol,BSVI,Automatic,Torque Convertor,61000,1st Owner,Apr 2027,Third Party,AP39,"Uppal, Hyderabad",9.04,9.8,9.6,9.0,8.9,7.9,1452,No,No,Yes,No immediate servicing required,680800
Kia,Sonet,X Line 1.5 Diesel AT,2023,Jun,2023,2,Diesel,BSVI,Automatic,Torque Convertor,35000,1st Owner,Apr 2027,Third Party,TS16,"Hafeezpet, Hyderabad",9.4,9.8,9.8,9.3,9.3,8.8,1432,No,No,Yes,No immediate servicing required,1047200
Tata,Punch,Creative Dual Tone AMT,2022,Aug,2022,3,Petrol,BSVI,Automatic,AMT,16000,1st Owner,Feb 2027,Comprehensive,TS08,"Kukatpally, Hyderabad",9.54,9.9,9.8,9.2,9.5,9.3,1452,No,No,Yes,"12 months or 15,000 km",619200
MG Motors,Hector,Super 1.5 Petrol,2020,Nov,2020,6,Petrol,BSVI,Manual,Regular,45000,1st Owner,Apr 2027,Third Party,TS15,"Kukatpally, Hyderabad",9.12,9.8,9.5,9.2,8.6,8.5,1573,No,No,Yes,No immediate servicing required,836800
Kia,Seltos,GTX Plus 1.5 Diesel AT Dual Tone,2022,Jan,2022,3,Diesel,BSVI,Automatic,Torque Convertor,58000,1st Owner,Apr 2027,Third Party,TS36,"Kukatpally, Hyderabad",8.98,9.6,9.2,8.7,9.0,8.4,1432,No,No,Yes,No immediate servicing required,1201600
Renault,Kiger,RXZ MT,2023,Feb,2023,2,Petrol,,Manual,Regular,21000,1st Owner,Apr 2027,Third Party,TS13,"Kukatpally, Hyderabad",9.42,9.8,9.7,9.6,9.1,8.9,1573,No,No,Yes,No immediate servicing required,527200
Renault,Duster,RXZ Turbo Petrol,2020,Oct,2020,5,Petrol,BSVI,Manual,Regular,46000,1st Owner,Apr 2027,Third Party,AP39,"Hafeezpet, Hyderabad",9.2,9.8,9.7,9.0,8.9,8.6,1573,No,No,Yes,No immediate servicing required,604800
Maruti Suzuki,Vitara,Brezza ZDi AGS,2018,Sep,2018,7,Diesel,BSIV,Automatic,AMT,125000,1st Owner,Apr 2027,Third Party,AP03,"Kukatpally, Hyderabad",8.0,9.1,7.7,7.4,7.8,8.0,1432,No,No,Yes,No immediate servicing required,519200
Kia,Sonet,HTX 1.5 Diesel iMT,2023,Apr,2023,2,Diesel,BSVI,Manual,Regular,28000,1st Owner,Apr 2027,Third Party,AP39,"Kukatpally, Hyderabad",9.54,9.9,9.8,9.6,9.3,9.1,1576,No,No,Yes,No immediate servicing required,53
Mahindra,Thar,LX Hard Top Diesel AT 4WD,2023,Jan,2023,2,Diesel,BSVI,Automatic,Torque Convertor,44000,1st Owner,Apr 2027,Third Party,TS08,"Kukatpally, Hyderabad",9.38,9.8,9.7,9.4,9.5,8.5,1432,No,No,Yes,No immediate servicing required,1135200
Hyundai,Creta,1.6 SX Plus Auto Petrol,2017,Oct,2017,9,Petrol,BSIV,Automatic,Torque Convertor,110000,1st Owner,Apr 2027,Third Party,TS07,"Uppal, Hyderabad",8.62,9.5,9.0,8.5,8.0,8.1,1452,No,No,Yes,No immediate servicing required,596000
Honda,WR-V,VX i-VTEC Petrol+cng(Outside Fitted),2019,Feb,2019,6,Cng,BSIV,Manual,Regular,46000,1st Owner,Apr 2027,Third Party,TS07,"Uppal, Hyderabad",8.92,9.8,9.5,8.7,8.6,8.0,1582,No,No,Yes,No immediate servicing required,511200
Mahindra,XUV700,AX 5 Diesel MT 5 STR,2023,May,2023,2,Diesel,,Manual,Regular,54000,1st Owner,Apr 2027,Third Party,TS08,"Kukatpally, Hyderabad",9.28,9.8,9.6,9.2,9.1,8.7,1576,No,No,Yes,No immediate servicing required,1301600
Hyundai,Tucson,Signature 2.0 AT Petrol,2022,Nov,2022,3,Petrol,BSVI,Automatic,Torque Convertor,19000,1st Owner,Apr 2027,Third Party,AP39,"Kukatpally, Hyderabad",9.56,9.9,9.9,9.7,9.5,8.8,1452,No,No,Yes,No immediate servicing required,2007200
Mahindra,TUV300,T4 Plus,2018,Aug,2018,7,Diesel,BSIV,Manual,Regular,95000,1st Owner,Apr 2027,Third Party,TS08,"Uppal, Hyderabad",9.1,9.7,9.4,8.7,8.9,8.8,1576,No,No,Yes,No immediate servicing required,472800
Hyundai,Creta,1.5 MPi Petrol MT E,2025,Mar,2025,0,Petrol,BSVI,Manual,Regular,11000,1st Owner,Mar 2027,Comprehensive,TG10,"Uppal, Hyderabad",9.68,9.9,9.8,9.9,9.3,9.5,1573,No,No,Yes,"12 months or 10,000 km",902400
Hyundai,Creta,S Plus 1.5 Diesel Knight,2024,Nov,2024,2,Diesel,BSVI,Manual,Regular,26000,1st Owner,Apr 2027,Third Party,TS07,"Kukatpally, Hyderabad",9.44,9.9,9.8,9.3,9.4,8.8,1576,No,No,Yes,"12 months or 10,000 km",1167164
Kia,Sonet,Anniversary Edition 1.5 AT,2022,Dec,2022,4,Diesel,BSVI,Automatic,Torque Convertor,46000,1st Owner,Dec 2026,Comprehensive,TS07,"Kukatpally, Hyderabad",8.64,9.8,8.6,9.1,7.6,8.1,1432,No,No,Yes,"12 months or 10,000 km",792800
Maruti Suzuki,Brezza,Zxi Dual Tone,2022,Sep,2022,3,Petrol,BSVI,Manual,Regular,40000,1st Owner,Apr 2027,Third Party,TS08,"Uppal, Hyderabad",9.28,9.8,9.7,9.2,9.1,8.6,1573,No,No,Yes,"12 months or 10,000 km",727200
Tata,Punch,EV Empowered Plus S long Range,2025,Dec,2025,1,Electric,,Automatic,,27000,1st Owner,Apr 2027,Third Party,TG11,"Uppal, Hyderabad",,,,,,,,Yes,Yes,Yes,No immediate servicing required,759200
Ford,EcoSport,Titanium 1.5L TDCi,2019,May,2019,6,Diesel,BSIV,Manual,Regular,105000,3rd Owner,Apr 2027,Third Party,TS16,"Kukatpally, Hyderabad",8.48,9.2,8.8,8.6,8.3,7.5,1576,No,No,Yes,"12 months or 10,000 km",421600
Mahindra,Thar,LX Hard Top Diesel MT 4WD,2021,Apr,2021,4,Diesel,BSIV,Manual,Regular,52000,1st Owner,Apr 2027,Third Party,TS08,"Kukatpally, Hyderabad",9.18,9.8,9.7,9.1,8.8,8.5,1576,No,No,Yes,"12 months or 10,000 km",931122
Kia,Sonet,HTX 1.0 Turbo Petrol DCT,2023,Sep,2023,2,Petrol,BSVI,Automatic,DCT,15000,2nd Owner,Oct 2026,Comprehensive,TS03,"Kukatpally, Hyderabad",9.34,9.9,9.8,9.4,8.9,8.7,1452,No,No,Yes,"12 months or 10,000 km",800800
Hyundai,Alcazar,Signature (O) 6 STR 1.5 Diesel AT,2021,Jul,2021,4,Diesel,BSVI,Automatic,Torque Convertor,67000,1st Owner,Aug 2026,Comprehensive,TS09,"Kukatpally, Hyderabad",8.88,9.6,9.5,8.9,8.3,8.1,1432,No,No,Yes,"12 months or 10,000 km",1171200
Kia,Seltos,HTX Plus 1.5 Diesel,2022,Jan,2022,3,Diesel,BSVI,Manual,Regular,103000,1st Owner,Jan 2027,Comprehensive,TS10,"Kukatpally, Hyderabad",8.64,9.5,9.2,8.2,8.1,8.2,1576,No,No,Yes,No immediate servicing required,978400
Tata,Nexon,XE,2021,Jun,2021,4,Petrol,,Manual,Regular,58000,1st Owner,Apr 2027,Third Party,TS15,"Uppal, Hyderabad",8.64,9.2,9.1,8.3,8.1,8.5,1573,No,,Yes,"12 months or 15,000 km",438400
Hyundai,Venue,SX 1.2 Petrol,2022,Jun,2022,3,Petrol,BSVI,Manual,Regular,27000,1st Owner,Apr 2027,Third Party,TS10,"Uppal, Hyderabad",9.28,9.9,9.8,9.1,9.0,8.6,1573,No,No,Yes,"12 months or 10,000 km",701600
Tata,Nexon,EV Empowered Plus Long Range,2024,Jan,2024,1,Electric,BSVI,Automatic,,19000,1st Owner,Apr 2027,Comprehensive,TG24,"Kukatpally, Hyderabad",,,,,,,,Yes,Yes,Yes,No immediate servicing required,10784
Mahindra,XUV700,AX 7 Diesel MT Luxury Pack 7 STR,2022,Feb,2022,3,Diesel,BSVI,Manual,Regular,72000,1st Owner,Apr 2027,Third Party,TS09,"Kukatpally, Hyderabad",9.18,9.7,9.5,9.1,8.9,8.7,1576,No,No,Yes,"12 months or 10,000 km",1491122
Hyundai,Venue,SX 1.4 (O) CRDi,2019,May,2019,6,Diesel,BSIV,Manual,Regular,106000,1st Owner,Apr 2027,Third Party,AP39,"Uppal, Hyderabad",8.7,9.6,9.3,8.3,8.1,8.2,1576,No,No,Yes,No immediate servicing required,640800
Tata,Punch,Creative AMT,2023,Nov,2023,3,Petrol,BSVI,Automatic,AMT,50000,1st Owner,Jan 2027,Comprehensive,TS08,"Uppal, Hyderabad",9.06,9.7,9.6,9.1,9.0,7.9,1452,No,No,,"12 months or 15,000 km",545600
Mahindra,Thar,LX Hard Top Diesel AT 4WD,2021,Apr,2021,4,Diesel,BSVI,Automatic,Torque Convertor,60000,2nd Owner,Apr 2027,Third Party,TS07,"Kukatpally, Hyderabad",8.88,9.6,9.6,9.0,8.4,7.8,1432,No,No,Yes,"12 months or 10,000 km",957522
Ford,EcoSport,Trend 1.5L TDCi,2018,Oct,2018,7,Diesel,,Manual,Regular,53000,1st Owner,Jan 2027,Comprehensive,TS08,"Uppal, Hyderabad",9.2,9.8,9.6,9.0,9.0,8.6,1576,No,No,Yes,"12 months or 10,000 km",530400
Ford,EcoSport,Trend 1.5 TDCi,2014,Dec,2014,12,Diesel,BSIV,Manual,Regular,129000,3rd Owner,Apr 2027,Third Party,AP29,"Kukatpally, Hyderabad",7.94,9.5,8.3,7.3,7.2,7.4,1576,No,No,Yes,"12 months or 10,000 km",251200
Hyundai,Venue,SX Plus 1.0 Turbo DCT,2020,Nov,2020,6,Petrol,BSIV,Automatic,DCT,65000,1st Owner,Dec 2026,Comprehensive,AP39,"Kukatpally, Hyderabad",8.84,9.7,9.6,8.9,8.2,7.8,1452,No,No,Yes,"12 months or 10,000 km",598400
Tata,Nexon,XZ Plus Diesel Dual Tone,2019,Jan,2019,6,Diesel,BSIV,Manual,Regular,59000,1st Owner,Apr 2027,Third Party,TS07,"Uppal, Hyderabad",8.82,9.7,9.2,8.5,8.4,8.3,1576,No,No,Yes,"12 months or 15,000 km",590400
Hyundai,Creta,1.5 MPi Petrol MT EX,2024,Aug,2024,1,Petrol,BSVI,Manual,Regular,11000,1st Owner,Oct 2026,Comprehensive,TG13,"Kukatpally, Hyderabad",9.56,9.9,9.9,9.5,9.0,9.5,1573,No,No,Yes,"12 months or 10,000 km",932354
Nissan,Magnite,XV Dual Tone,2021,May,2021,4,Petrol,BSVI,Manual,Regular,28000,2nd Owner,Apr 2027,Third Party,TS15,"Uppal, Hyderabad",9.3,9.9,9.8,9.4,8.7,8.7,1573,No,No,Yes,"12 months or 10,000 km",448800
Tata,Nexon,EV XZ Plus LUX,2022,Oct,2022,4,Electric,BSIV,Automatic,,86000,1st Owner,Insurance Type,Third Party,TS08,"Kukatpally, Hyderabad",,,,,,,,Yes,Yes,Yes,No immediate servicing required,10784
Kia,Seltos,GTX Plus AT 1.5 Diesel,2020,Jan,2020,5,Diesel,BSVI,Automatic,Torque Convertor,66000,1st Owner,Feb 2027,Comprehensive,TS08,"Kukatpally, Hyderabad",8.9,9.6,9.5,8.9,8.2,8.3,1432,No,No,Yes,"12 months or 10,000 km",1055200
Ford,EcoSport,Trend 1.5 TDCi,2016,Aug,2016,10,Diesel,BSIV,Manual,Regular,97000,2nd Owner,Dec 2026,Third Party,TS07,"Kukatpally, Hyderabad",8.66,9.6,9.2,8.1,8.2,8.2,1576,No,No,Yes,"12 months or 10,000 km",353600
Kia,Sonet,GTX Plus 1.0 DCT,2020,Nov,2020,5,Petrol,BSVI,Automatic,DCT,38000,1st Owner,Dec 2026,Comprehensive,AP39,"Hafeezpet, Hyderabad",9.1,9.8,9.7,9.0,8.5,8.5,1452,No,No,Yes,"12 months or 10,000 km",749600
Ford,EcoSport,Titanium + 1.5L TDCi,2019,Jul,2019,6,Diesel,BSIV,Manual,Regular,106000,1st Owner,Oct 2026,Comprehensive,TS08,"Uppal, Hyderabad",8.7,9.6,9.3,8.4,8.2,8.0,1576,No,No,Yes,"12 months or 10,000 km",560000
Kia,Seltos,GTX Plus DCT 1.4,2021,Apr,2021,4,Petrol,,Automatic,DCT,62000,1st Owner,Apr 2027,Third Party,TS07,"Kukatpally, Hyderabad",8.82,9.8,9.4,9.1,8.2,7.6,1452,No,No,Yes,"12 months or 10,000 km",983199
MG Motors,Hector,Plus Sharp 1.5 DCT Petrol,2021,Aug,2021,4,Petrol,BSVI,Automatic,DCT,48000,2nd Owner,Oct 2026,Comprehensive,AP39,"Kukatpally, Hyderabad",9.2,9.8,9.7,9.3,8.9,8.3,1452,No,No,,"12 months or 10,000 km",1030122
Kia,Seltos,GTX Plus 1.4,2020,Aug,2020,5,Petrol,BSVI,Manual,Regular,97000,2nd Owner,Oct 2026,Third Party,TS10,"Hafeezpet, Hyderabad",8.68,9.6,9.1,8.4,7.9,8.4,1573,No,No,Yes,No immediate servicing required,779200
Ford,EcoSport,Thunder Edition Petrol,2019,Sep,2019,6,Petrol,BSIV,Manual,Regular,58000,2nd Owner,Nov 2026,Comprehensive,TS07,"Uppal, Hyderabad",8.92,9.8,9.6,8.8,8.2,8.2,1573,No,No,Yes,"12 months or 10,000 km",555200
Volkswagen,Taigun,Topline 1.0 TSI MT,2024,Jul,2024,2,Petrol,BSVI,Manual,Regular,50000,2nd Owner,Aug 2026,Comprehensive,TS16,"Kukatpally, Hyderabad",9.22,9.8,9.7,9.4,8.9,8.3,1573,No,No,Yes,No immediate servicing required,912000
Ford,EcoSport,Trend+ 1.0L EcoBoost,2016,Jan,2016,9,Petrol,BSIV,Manual,Regular,37000,1st Owner,Feb 2027,Comprehensive,TS07,"Uppal, Hyderabad",9.24,9.8,9.7,9.2,8.7,8.8,1573,No,No,Yes,"12 months or 10,000 km",447200
Tata,Safari,XZA Plus (O) 6 S Red Dark Edition,2023,Feb,2023,2,Diesel,BSVI,Automatic,Torque Convertor,19000,1st Owner,Apr 2027,Comprehensive,TS08,"Kukatpally, Hyderabad",9.1,9.5,8.3,9.2,9.6,8.9,1432,No,No,Yes,"12 months or 15,000 km",1549666
Maruti Suzuki,S-Cross,Alpha,2022,Apr,2022,3,Petrol,BSVI,Manual,Regular,24000,1st Owner,Apr 2027,Third Party,AP39,"Uppal, Hyderabad",9.38,9.9,9.8,9.3,9.1,8.8,1573,No,No,Yes,"12 months or 10,000 km",755200
Hyundai,Exter,SX (O) Connect 1.2 AMT,2024,Mar,2024,1,Petrol,,Automatic,AMT,20000,1st Owner,Mar 2027,Comprehensive,TG08,"Hafeezpet, Hyderabad",9.52,9.9,9.9,9.6,9.4,8.8,1452,No,No,Yes,"12 months or 10,000 km",701600
MG Motors,Hector,Sharp 2.0 Diesel,2020,Nov,2020,6,Diesel,BSIV,Manual,Regular,75000,1st Owner,Apr 2027,Third Party,TS12,"Kukatpally, Hyderabad",8.64,9.5,9.3,8.6,8.2,7.6,1576,No,No,Yes,No immediate servicing required,901600
Maruti Suzuki,Vitara,Brezza ZXi Plus,2020,Jun,2020,5,Petrol,BSVI,Manual,Regular,67000,2nd Owner,Apr 2027,Third Party,AP39,"Uppal, Hyderabad",8.98,9.8,9.6,9.0,8.3,8.2,1573,No,No,Yes,"12 months or 10,000 km",551200
Ford,Freestyle,Titanium Plus 1.2 Ti-VCT,2019,Sep,2019,7,Petrol,BSIV,Manual,Regular,86000,1st Owner,Dec 2026,Comprehensive,TS08,"Uppal, Hyderabad",8.74,9.4,9.3,8.3,8.4,8.3,1573,No,No,Yes,"12 months or 10,000 km",366400
Ford,EcoSport,Titanium + 1.5L Ti-VCT AT,2018,Jun,2018,7,Petrol,BSIV,Automatic,Torque Convertor,68000,2nd Owner,Apr 2027,Third Party,TS07,"Hafeezpet, Hyderabad",8.76,9.7,9.4,8.6,8.2,7.9,1452,No,No,Yes,"12 months or 10,000 km",532800
Hyundai,Creta,SX 1.6 CRDi Dual Tone,2018,Jun,2018,7,Diesel,BSIV,Manual,Regular,113000,1st Owner,Apr 2027,Third Party,TS11,"Uppal, Hyderabad",8.5,9.4,8.6,8.1,7.8,8.6,1576,No,No,Yes,"12 months or 10,000 km",698400
Mahindra,Thar,LX Hard Top Diesel AT 4WD,2022,Jul,2022,3,Diesel,BSVI,Automatic,Torque Convertor,70000,1st Owner,Apr 2027,Third Party,TS08,"Kukatpally, Hyderabad",9.08,9.7,9.5,9.2,9.2,7.8,1432,No,No,Yes,"12 months or 10,000 km",1035922
Kia,Seltos,GTX Plus 1.4,2019,Sep,2019,6,Petrol,BSIV,Manual,Regular,40000,2nd Owner,Apr 2027,Third Party,TS10,"Uppal, Hyderabad",9.02,9.8,9.7,8.9,8.6,8.1,1573,No,No,Yes,No immediate servicing required,864800
MG Motors,Hector,Sharp 1.5 DCT Petrol,2020,Mar,2020,5,Petrol,BSVI,Automatic,DCT,41000,1st Owner,Apr 2027,Third Party,TS09,"Kukatpally, Hyderabad",9.14,9.8,9.7,9.0,9.0,8.2,1452,No,No,Yes,"12 months or 10,000 km",951200
Volkswagen,Taigun,Topline 1.0 TSI MT,2022,Feb,2022,3,Petrol,BSVI,Manual,Regular,34000,1st Owner,Apr 2027,Third Party,TS11,"Kukatpally, Hyderabad",9.44,9.9,9.8,9.4,9.3,8.8,1573,No,No,Yes,"12 months or 15,000 km",923200
Tata,Nexon,XZA Plus LUXS Dark Edition,2023,Jan,2023,2,Petrol,,Automatic,AMT,24000,1st Owner,Apr 2027,Third Party,TS15,"Hafeezpet, Hyderabad",9.36,9.9,9.8,9.6,8.7,8.8,1452,No,No,Yes,"12 months or 15,000 km",867964
Hyundai,Creta,E Plus 1.4 CRDI,2018,Jan,2018,7,Diesel,BSIV,Manual,Regular,118000,1st Owner,Apr 2027,Third Party,TS09,"Uppal, Hyderabad",8.52,9.5,9.2,8.2,7.3,8.4,1576,No,No,Yes,"12 months or 10,000 km",580000
Tata,Nexon,XM Diesel,2018,Feb,2018,7,Diesel,BSIV,Manual,Regular,96000,1st Owner,Apr 2027,Third Party,AP31,"Uppal, Hyderabad",8.24,9.2,8.8,7.4,7.9,7.9,1576,No,No,Yes,No immediate servicing required,452800
MG Motors,Hector,Sharp 1.5 Petrol CVT,2021,Feb,2021,4,Petrol,BSVI,Automatic,CVT,69000,1st Owner,Feb 2027,Comprehensive,TS07,"Kukatpally, Hyderabad",9.08,9.5,9.5,9.1,8.8,8.5,1452,No,No,Yes,"12 months or 10,000 km",12
Hyundai,Venue,SX (O) 1.5 CRDi Executive,2021,Oct,2021,4,Diesel,BSVI,Manual,Regular,43000,1st Owner,Oct 2026,Comprehensive,TS08,"Hafeezpet, Hyderabad",8.86,9.8,9.7,8.3,8.4,8.1,1576,No,No,Yes,"12 months or 10,000 km",775200
Tata,Punch,Creative AMT,2023,Jun,2023,2,Petrol,BSVI,Automatic,AMT,21000,1st Owner,Apr 2027,Third Party,TS08,"Hafeezpet, Hyderabad",9.48,9.9,9.8,9.7,9.3,8.7,1452,No,No,Yes,"12 months or 15,000 km",642400
Mahindra,XUV700,AX5 Diesel MT 7 STR,2024,Jun,2024,1,Diesel,,Manual,Regular,49000,1st Owner,Apr 2027,Third Party,TG30,"Kukatpally, Hyderabad",9.26,9.8,9.7,9.5,8.8,8.5,1576,No,No,Yes,"12 months or 10,000 km",1450322
Tata,Harrier,XMA,2021,Feb,2021,5,Diesel,BSVI,Automatic,Torque Convertor,39000,1st Owner,Dec 2026,Comprehensive,TS07,"Kukatpally, Hyderabad",9.1,9.8,9.7,9.1,8.2,8.7,1432,No,No,Yes,"12 months or 15,000 km",960000
Skoda,Kushaq,Style 1.5L TSI MT,2022,Sep,2022,4,Petrol,BSVI,Manual,Regular,51000,2nd Owner,Apr 2027,Third Party,TS09,"Kukatpally, Hyderabad",9.02,9.8,9.7,8.2,8.7,8.7,1573,No,No,Yes,No immediate servicing required,851200
Hyundai,Creta,1.6 SX Plus AT Petrol,2017,Aug,2017,8,Petrol,BSIV,Automatic,Torque Convertor,84000,2nd Owner,Apr 2027,Third Party,TS09,"Uppal, Hyderabad",8.72,9.6,9.3,8.2,8.2,8.3,1452,No,No,Yes,"12 months or 10,000 km",627200
Ford,EcoSport,Titanium + 1.5L Ti-VCT AT,2018,Jan,2018,7,Petrol,BSIV,Automatic,Torque Convertor,68000,1st Owner,Nov 2026,Third Party,AP27,"Uppal, Hyderabad",9.02,9.8,9.6,9.0,8.5,8.2,1452,No,No,Yes,"12 months or 10,000 km",565600
Nissan,Magnite,XV,2024,Apr,2024,1,Petrol,BSVI,Manual,Regular,25000,1st Owner,Sep 2026,Comprehensive,AP40,"Uppal, Hyderabad",9.58,9.9,9.8,9.7,9.5,9.0,1573,No,No,Yes,"12 months or 10,000 km",541600
Hyundai,Venue,SX 1.2 Petrol,2023,Jun,2023,2,Petrol,,Manual,Regular,36000,1st Owner,Apr 2027,Third Party,TS01,"Uppal, Hyderabad",9.08,9.9,9.8,8.9,8.7,8.1,1573,No,No,Yes,No immediate servicing required,720000
Maruti Suzuki,Brezza,Zxi Plus Dual Tone,2022,May,2022,3,Petrol,BSVI,Manual,Regular,123000,1st Owner,Apr 2027,Third Party,TS02,"Uppal, Hyderabad",8.62,9.6,9.2,8.0,8.2,8.1,1573,No,No,Yes,No immediate servicing required,712000
Tata,Punch,Creative Dual Tone AMT Sunroof,2024,Apr,2024,1,Petrol,,Automatic,AMT,19000,1st Owner,Apr 2027,Third Party,TG07,"Uppal, Hyderabad",9.38,9.9,9.8,9.2,9.2,8.8,1452,No,No,Yes,"12 months or 15,000 km",707200
Mahindra,XUV700,AX 7 Diesel MT Luxury Pack 7 STR,2023,Nov,2023,3,Diesel,BSVI,Manual,Regular,54000,1st Owner,Nov 2026,Comprehensive,AP39,"Kukatpally, Hyderabad",9.16,9.8,9.6,9.0,9.0,8.4,1576,No,No,Yes,No immediate servicing required,1505600
Skoda,Kushaq,Style 1.5L TSI DSG,2022,Oct,2022,4,Petrol,BSVI,Automatic,DCT,60000,1st Owner,Jan 2027,Comprehensive,TS09,"Kukatpally, Hyderabad",8.96,9.8,9.6,8.1,9.1,8.2,1452,No,No,Yes,"12 months or 15,000 km",1011200
Ford,EcoSport,Titanium 1.5 TDCi (Opt),2014,Jun,2014,11,Diesel,BSIV,Manual,Regular,94000,2nd Owner,Apr 2027,Third Party,TS07,"Kukatpally, Hyderabad",8.32,9.4,8.9,8.0,7.7,7.6,1576,No,No,Yes,"12 months or 10,000 km",387200
Hyundai,Creta,SX (O) 1.4 Turbo 7 DCT,2020,Sep,2020,5,Petrol,,Automatic,DCT,92000,1st Owner,Apr 2027,Third Party,TS07,"Kukatpally, Hyderabad",8.88,9.6,9.1,8.9,8.6,8.2,1452,No,No,Yes,No immediate servicing required,884000
Hyundai,Creta,1.6 SX Plus Petrol,2015,Aug,2015,10,Petrol,,Manual,Regular,104000,1st Owner,Oct 2026,Comprehensive,TS07,"Uppal, Hyderabad",8.64,9.6,9.2,7.4,8.2,8.8,1573,No,No,Yes,No immediate servicing required,516000
Ford,EcoSport,Titanium 1.5L Ti-VCT,2019,May,2019,6,Petrol,BSIV,Manual,Regular,41000,1st Owner,Oct 2026,Comprehensive,TS07,"Kukatpally, Hyderabad",9.22,9.8,9.7,9.3,8.6,8.7,1573,No,No,Yes,"12 months or 10,000 km",557600
Hyundai,Venue,SX (O) 1.0 Turbo DCT,2023,May,2023,2,Petrol,BSVI,Automatic,DCT,55000,1st Owner,Apr 2027,Third Party,TS04,"Kukatpally, Hyderabad",9.04,9.7,9.6,9.4,9.0,7.5,1452,No,No,Yes,"12 months or 10,000 km",839176
Hyundai,Creta,1.6 SX (O),2016,Jun,2016,9,Diesel,BSIV,Manual,Regular,107000,2nd Owner,Aug 2026,Comprehensive,AP31,"Kukatpally, Hyderabad",8.28,9.4,8.9,7.1,7.4,8.6,1576,No,No,Yes,No immediate servicing required,607200
Hyundai,Alcazar,Signature 6 STR 1.5 Diesel,2023,May,2023,3,Diesel,BSVI,Manual,Regular,82000,1st Owner,Apr 2027,Third Party,TS07,"Kukatpally, Hyderabad",9.12,9.7,9.5,9.0,8.5,8.9,1576,No,No,Yes,No immediate servicing required,1171964
Maruti Suzuki,Brezza,ZXi Plus,2023,Jul,2023,2,Petrol,BSIV,Manual,Regular,36000,1st Owner,Apr 2027,Third Party,TS07,"Kukatpally, Hyderabad",9.48,9.9,9.8,9.5,9.4,8.8,1573,No,No,Yes,No immediate servicing required,839200
Mahindra,Thar,LX Hard Top Diesel AT 4WD,2023,Oct,2023,3,Diesel,BSVI,Automatic,Torque Convertor,67000,1st Owner,Apr 2027,Third Party,TS07,"Kukatpally, Hyderabad",8.8,9.5,9.2,8.4,9.0,7.9,1432,No,No,Yes,No immediate servicing required,1015922
Mahindra,XUV,300 W6 1.2 Petrol AMT,2023,Jul,2023,2,Petrol,BSVI,Automatic,AMT,14000,1st Owner,Apr 2027,Third Party,AP40,"Kukatpally, Hyderabad",9.44,9.9,9.7,9.4,9.2,9.0,1452,No,No,Yes,No immediate servicing required,43
Tata,Punch,Creative Plus AMT,2025,Dec,2025,1,Petrol,,Automatic,AMT,10000,1st Owner,Apr 2027,Third Party,TG22,"Kukatpally, Hyderabad",9.4,9.9,9.9,8.1,9.8,9.3,1452,No,No,Yes,"12 months or 15,000 km",680000
Honda,BR-V,S Diesel,2018,Jan,2018,7,Diesel,BSIV,Manual,Regular,79000,2nd Owner,Apr 2027,Third Party,TS08,"Uppal, Hyderabad",8.32,9.6,9.2,8.3,6.3,8.2,1576,No,No,Yes,No immediate servicing required,530400
Hyundai,Creta,SX 1.6 Petrol,2019,Mar,2019,6,Petrol,BSIV,Manual,Regular,76000,1st Owner,Apr 2027,Third Party,TS09,"Uppal, Hyderabad",8.94,9.7,9.5,8.7,8.4,8.4,1573,No,No,Yes,No immediate servicing required,668000
Maruti Suzuki,Brezza,Zxi Plus Dual Tone,2023,Feb,2023,2,Petrol,BSVI,Manual,Regular,36000,1st Owner,Apr 2027,Third Party,AP39,"Kukatpally, Hyderabad",9.34,9.9,9.8,9.4,8.9,8.7,1573,No,No,Yes,No immediate servicing required,825600
Tata,Nexon,XZA Plus AMT Petrol,2018,Aug,2018,7,Petrol,BSIV,Automatic,AMT,116000,1st Owner,Apr 2027,Third Party,TS15,"Uppal, Hyderabad",8.5,9.4,9.1,8.6,8.2,7.2,1452,No,No,Yes,No immediate servicing required,486400
Tata,Curvv,Creative Plus S 1.5 Kryojet Diesel 6MT,2025,Aug,2025,1,Diesel,BSVI,Manual,Regular,19000,1st Owner,Apr 2027,Third Party,TG08,"Kukatpally, Hyderabad",9.56,9.9,9.9,9.4,9.3,9.3,1576,No,No,Yes,No immediate servicing required,1181600
